prediction_id,predicted_score
1788,7
1789,8
1790,8
1791,7
1792,9
1793,8
1794,8
1795,9
1796,7
1797,9
1798,8
1799,9
1800,8
1801,8
1802,7
1803,8
1804,8
1805,9
1806,7
1807,8
1808,8
1809,8
1810,9
1811,6
1812,8
1814,8
1815,8
1816,8
1817,8
1818,7
1819,8
1820,7
1821,9
1822,2
1823,9
1824,16
1825,10
1826,8
1827,8
1828,6
1829,38
1830,7
1831,9
1832,8
1833,8
1834,9
1835,5
1836,8
1837,8
1838,8
1839,8
1840,8
1841,8
1842,9
1843,8
1844,7
1845,8
1846,6
1847,8
1848,8
1849,8
1850,8
1851,15
1852,8
1853,7
1854,8
1855,6
1856,7
1857,7
1858,7
1859,8
1860,8
1861,8
1862,9
1863,9
1864,7
1865,9
1866,7
1867,8
1868,8
1869,9
1870,9
1871,9
1872,8
1873,8
1874,7
1875,8
1876,9
1877,8
1878,9
1879,9
1880,8
1881,8
1882,6
1883,8
1884,8
1885,8
1886,9
1887,8
1888,8
1889,8
1890,8
1891,8
1892,10
1893,9
1894,8
1895,10
1896,7
1897,8
1898,8
1899,9
1900,7
1901,7
1902,10
1903,8
1904,7
1905,8
1906,7
1907,8
1908,10
1909,8
1910,9
1911,8
1912,8
1913,9
1914,7
1915,8
1916,6
1917,8
1918,7
1919,8
1920,8
1921,7
1922,8
1923,9
1924,8
1925,9
1926,7
1927,8
1929,6
1930,9
1931,7
1932,7
1933,8
1934,9
1935,10
1936,7
1937,8
1938,8
1939,9
1940,9
1941,9
1942,5
1943,7
1944,7
1945,8
1946,8
1947,7
1948,9
1949,10
1950,9
1951,10
1952,7
1953,8
1954,8
1955,8
1956,9
1957,7
1958,8
1959,9
1960,7
1961,9
1962,7
1963,9
1964,9
1965,9
1966,8
1967,9
1968,8
1969,9
1970,6
1971,5
1972,7
1973,8
1974,9
1975,7
1976,7
1977,9
1978,8
1979,8
1980,10
1981,8
1982,7
1983,8
1984,9
1985,8
1986,9
1987,3
1988,7
1989,7
1990,7
1991,8
1992,9
1993,8
1994,7
1995,9
1996,9
1997,8
1998,8
1999,8
2000,8
2001,8
2002,8
2003,9
2004,9
2005,8
2006,6
2007,8
2008,8
2009,6
2010,10
2011,8
2012,9
2013,9
2014,7
2015,7
2016,8
2017,9
2019,7
2020,9
2021,7
2022,8
2023,9
2024,9
2025,9
2026,8
2027,6
2028,7
2029,8
2030,7
2031,8
2032,8
2033,9
2034,8
2035,8
2036,7
2037,8
2038,8
2039,8
2040,9
2041,8
2042,9
2043,8
2044,10
2045,7
2046,7
2047,7
2048,7
2049,9
2050,6
2051,9
2052,8
2053,9
2054,10
2055,6
2056,10
2057,7
2058,9
2059,9
2060,9
2061,8
2062,7
2063,9
2064,8
2065,8
2066,10
2067,9
2068,9
2069,7
2070,8
2071,8
2072,6
2073,5
2074,7
2075,8
2076,5
2077,7
2078,9
2079,8
2080,8
2081,7
2082,7
2083,5
2084,8
2085,9
2086,9
2087,7
2088,8
2089,3
2090,8
2092,8
2093,9
2094,7
2095,9
2096,8
2097,9
2098,5
2099,9
2100,8
2101,7
2102,8
2103,9
2104,9
2105,10
2106,8
2107,7
2108,9
2109,9
2110,6
2111,7
2112,7
2113,9
2114,10
2115,9
2116,8
2117,9
2118,7
2119,8
2120,8
2121,9
2122,8
2123,8
2124,9
2125,6
2126,8
2127,7
2128,8
2129,9
2130,9
2131,8
2132,10
2133,10
2134,8
2135,9
2136,12
2137,8
2138,8
2139,9
2140,7
2141,9
2142,8
2143,6
2144,8
2145,9
2146,8
2147,8
2148,8
2149,9
2150,8
2151,8
2152,9
2153,8
2154,8
2155,8
2156,9
2157,9
2158,9
2159,8
2160,8
2161,8
2162,8
2163,7
2164,8
2165,9
2166,7
2167,9
2168,8
2169,7
2170,8
2171,5
2172,8
2173,7
2174,8
2175,8
2176,8
2177,7
2178,9
2179,7
2180,8
2181,8
2182,7
2183,7
2184,8
2185,5
2186,9
2187,9
2188,9
2189,9
2190,7
2191,8
2192,7
2193,9
2194,4
2195,9
2196,7
2197,9
2198,7
2199,9
2200,8
2201,7
2202,8
2203,8
2204,8
2205,10
2206,9
2207,9
2208,9
2209,7
2210,7
2211,10
2212,8
2213,6
2214,8
2215,9
2216,8
2217,6
2218,8
2219,8
2220,8
2221,8
2222,7
2223,9
2224,10
2225,6
2226,10
2227,10
2228,7
2229,8
2230,8
2231,8
2232,9
2233,8
2234,8
2235,8
2236,7
2237,9
2238,8
2239,9
2240,7
2241,6
2242,7
2243,10
2244,9
2245,10
2246,8
2247,7
2248,8
2249,3
2250,10
2251,8
2252,9
2253,8
2254,8
2255,8
2256,8
2257,9
2258,9
2259,8
2260,8
2261,9
2262,8
2263,7
2264,6
2265,8
2266,8
2267,7
2268,9
2269,7
2270,8
2271,7
2272,6
2273,6
2274,7
2275,9
2276,7
2277,8
2278,8
2279,8
2280,10
2281,9
2282,8
2283,8
2284,8
2285,9
2286,10
2287,9
2288,10
2289,9
2290,8
2291,8
2292,6
2293,9
2294,8
2295,9
2296,7
2297,7
2298,6
2299,9
2300,7
2301,10
2302,8
2303,7
2304,9
2305,9
2306,10
2307,8
2308,9
2309,8
2310,8
2311,7
2312,7
2313,8
2314,8
2315,7
2316,9
2317,6
2318,8
2319,7
2320,7
2321,8
2322,8
2323,9
2324,9
2325,7
2326,8
2327,7
2328,9
2329,7
2330,8
2331,9
2332,8
2333,8
2334,9
2335,8
2336,9
2338,9
2339,9
2340,10
2341,8
2342,7
2343,7
2344,7
2345,8
2346,8
2347,9
2348,9
2349,8
2350,8
2351,8
2352,9
2353,9
2354,8
2355,7
2356,7
2357,7
2358,9
2359,3
2360,8
2361,8
2362,8
2363,7
2364,3
2365,9
2366,8
2367,2
2368,8
2369,8
2370,8
2371,8
2372,8
2373,8
2374,8
2375,8
2376,8
2377,9
2378,4
2379,6
2380,8
2382,9
6578,3
6579,3
6580,3
6581,3
6582,3
6583,3
6584,3
6585,3
6586,3
6587,3
6588,4
6589,4
6590,4
6591,4
6592,3
6593,3
6594,3
6595,3
6596,3
6597,3
6598,3
6599,3
6600,2
6601,2
6602,3
6603,3
6604,3
6605,3
6606,3
6607,3
6608,3
6609,3
6610,3
6611,3
6612,3
6613,3
6614,3
6615,3
6616,3
6617,3
6618,3
6619,3
6620,1
6621,1
6622,3
6623,3
6624,2
6625,2
6626,3
6627,3
6628,2
6629,2
6630,3
6631,3
6632,3
6633,3
6634,3
6635,3
6636,3
6637,3
6638,3
6639,3
6640,3
6641,3
6642,4
6643,4
6644,3
6645,3
6646,3
6647,3
6648,3
6649,3
6650,3
6651,3
6652,3
6653,3
6654,3
6655,3
6656,3
6657,3
6658,3
6659,3
6660,3
6661,3
6662,3
6663,3
6664,3
6665,3
6666,3
6667,3
6668,3
6669,3
6670,5
6671,5
6672,3
6673,3
6674,3
6675,3
6676,3
6677,3
6678,3
6679,3
6680,13
6681,13
6682,3
6683,3
6684,4
6685,4
6686,1
6687,1
6688,3
6689,3
6690,2
6691,2
6692,3
6693,3
6694,3
6695,3
6696,4
6697,4
6698,3
6699,3
6700,3
6701,3
6702,2
6703,2
6704,3
6705,3
6706,2
6707,2
6708,3
6709,3
6710,2
6711,2
6712,3
6713,3
6714,1
6715,1
6716,3
6717,3
6718,3
6719,3
6720,3
6721,3
6722,10
6723,10
6724,2
6725,2
6726,5
6727,5
6728,3
6729,3
6730,3
6731,3
6732,3
6733,3
6734,3
6735,3
6736,2
6737,2
6738,2
6739,2
6740,2
6741,2
6742,3
6743,3
6744,2
6745,2
6746,2
6747,2
6748,3
6749,3
6750,2
6751,2
6752,3
6753,3
6754,3
6755,3
6756,3
6757,3
6758,3
6759,3
6760,1
6761,1
6762,3
6763,3
6764,2
6765,2
6766,3
6767,3
6768,3
6769,3
6770,7
6771,7
6772,3
6773,3
6774,3
6775,3
6776,2
6777,2
6778,3
6779,3
6780,3
6781,3
6782,1
6783,1
6784,4
6785,4
6786,3
6787,3
6788,3
6789,3
6790,3
6791,3
6792,3
6793,3
6794,2
6795,2
6796,4
6797,4
6798,2
6799,2
6800,3
6801,3
6802,3
6803,3
6804,2
6805,2
6806,3
6807,3
6808,3
6809,3
6810,1
6811,1
6812,3
6813,3
6814,3
6815,3
6816,3
6817,3
6818,2
6819,2
6820,4
6821,4
6822,3
6823,3
6824,3
6825,3
6826,3
6827,3
6828,3
6829,3
6830,1
6831,1
6832,3
6833,3
6834,3
6835,3
6836,3
6837,3
6838,4
6839,4
6840,3
6841,3
6842,3
6843,3
6844,3
6845,3
6846,3
6847,3
6848,3
6849,3
6850,3
6851,3
6852,2
6853,2
6854,3
6855,3
6856,3
6857,3
6858,3
6859,3
6860,3
6861,3
6862,3
6863,3
6864,3
6865,3
6866,2
6867,2
6868,1
6869,1
6870,3
6871,3
6872,3
6873,3
6874,3
6875,3
6876,3
6877,3
6878,3
6879,3
6880,3
6881,3
6882,4
6883,4
6884,3
6885,3
6886,3
6887,3
6888,3
6889,3
6890,0
6891,0
6892,3
6893,3
6894,3
6895,3
6896,3
6897,3
6898,3
6899,3
6900,3
6901,3
6902,3
6903,3
6904,3
6905,3
6906,3
6907,3
6908,2
6909,2
6910,3
6911,3
6912,3
6913,3
6914,3
6915,3
6916,3
6917,3
6918,4
6919,4
6920,2
6921,2
6922,3
6923,3
6924,3
6925,3
6926,2
6927,2
6928,6
6929,6
6930,3
6931,3
6932,3
6933,3
6934,3
6935,3
6936,2
6937,2
6938,3
6939,3
6940,3
6941,3
6942,4
6943,4
6944,5
6945,5
6946,3
6947,3
6948,4
6949,4
6950,5
6951,5
6952,3
6953,3
6954,3
6955,3
6956,4
6957,4
6958,3
6959,3
6960,3
6961,3
6962,3
6963,3
6964,3
6965,3
6966,3
6967,3
6968,3
6969,3
6970,3
6971,3
6972,4
6973,4
6974,1
6975,1
6976,3
6977,3
6978,3
6979,3
6980,3
6981,3
6982,3
6983,3
6984,3
6985,3
6986,3
6987,3
6988,3
6989,3
6990,2
6991,2
6992,3
6993,3
6994,3
6995,3
6996,5
6997,5
6998,3
6999,3
7000,2
7001,2
7002,3
7003,3
7004,3
7005,3
7006,3
7007,3
7008,2
7009,2
7010,2
7011,2
7012,3
7013,3
7014,3
7015,3
7016,3
7017,3
7018,3
7019,3
7020,3
7021,3
7022,3
7023,3
7024,3
7025,3
7026,3
7027,3
7028,3
7029,3
7030,3
7031,3
7032,3
7033,3
7034,2
7035,2
7036,3
7037,3
7038,2
7039,2
7040,3
7041,3
7042,3
7043,3
7044,3
7045,3
7046,3
7047,3
7048,3
7049,3
7050,3
7051,3
7052,3
7053,3
7054,3
7055,3
7056,10
7057,10
7058,3
7059,3
7060,3
7061,3
7062,3
7063,3
7064,3
7065,3
7066,3
7067,3
7068,2
7069,2
7070,3
7071,3
7072,1
7073,1
7074,3
7075,3
7076,3
7077,3
7078,3
7079,3
7080,1
7081,1
7082,4
7083,4
7084,3
7085,3
7086,3
7087,3
7088,3
7089,3
7090,3
7091,3
7092,3
7093,3
7094,3
7095,3
7096,3
7097,3
7098,3
7099,3
7100,3
7101,3
7102,2
7103,2
7104,3
7105,3
7106,3
7107,3
7108,3
7109,3
7110,3
7111,3
7112,3
7113,3
7114,3
7115,3
7116,3
7117,3
7118,1
7119,1
7120,3
7121,3
7122,3
7123,3
7124,3
7125,3
7126,3
7127,3
7128,3
7129,3
7130,3
7131,3
7132,3
7133,3
7134,3
7135,3
7136,3
7137,3
7138,3
7139,3
7140,3
7141,3
7142,2
7143,2
7144,3
7145,3
7146,3
7147,3
7148,3
7149,3
7150,3
7151,3
7152,2
7153,2
7154,3
7155,3
7156,3
7157,3
7158,1
7159,1
7160,3
7161,3
7162,3
7163,3
7164,3
7165,3
7166,7
7167,7
7168,4
7169,4
7170,3
7171,3
7172,3
7173,3
7174,2
7175,2
7176,3
7177,3
7178,2
7179,2
7180,3
7181,3
7182,3
7183,3
7184,3
7185,3
7186,3
7187,3
7188,3
7189,3
7190,3
7191,3
7192,3
7193,3
7194,3
7195,3
7196,3
7197,3
7198,3
7199,3
7200,3
7201,3
7202,3
7203,3
7204,3
7205,3
7206,3
7207,3
7208,3
7209,3
7210,3
7211,3
7212,2
7213,2
7214,4
7215,4
7216,3
7217,3
7218,2
7219,2
7220,5
7221,5
7222,3
7223,3
7224,3
7225,3
7226,8
7227,8
7228,3
7229,3
7230,3
7231,3
7232,3
7233,3
7234,3
7235,3
7236,3
7237,3
7238,3
7239,3
7240,3
7241,3
7242,3
7243,3
7244,3
7245,3
7246,3
7247,3
7248,3
7249,3
7250,3
7251,3
7252,3
7253,3
7254,3
7255,3
7256,3
7257,3
7258,3
7259,3
7260,2
7261,2
7262,3
7263,3
7264,3
7265,3
7266,3
7267,3
7268,3
7269,3
7270,3
7271,3
7272,4
7273,4
7274,3
7275,3
7276,3
7277,3
7278,3
7279,3
7280,2
7281,2
7282,3
7283,3
7284,3
7285,3
7286,2
7287,2
7288,3
7289,3
7290,3
7291,3
7292,3
7293,3
7294,3
7295,3
7296,5
7297,5
7298,2
7299,2
7300,3
7301,3
7302,3
7303,3
7304,3
7305,3
7306,4
7307,4
7308,3
7309,3
7310,4
7311,4
7312,2
7313,2
7314,3
7315,3
7316,3
7317,3
7318,3
7319,3
7320,3
7321,3
7322,2
7323,2
7324,3
7325,3
7326,3
7327,3
7328,3
7329,3
7330,3
7331,3
7332,3
7333,3
7334,3
7335,3
7336,3
7337,3
7338,3
7339,3
7340,3
7341,3
7342,2
7343,2
7344,3
7345,3
7346,4
7347,4
7348,3
7349,3
7350,3
7351,3
7352,3
7353,3
7354,3
7355,3
7356,3
7357,3
7358,5
7359,5
7360,3
7361,3
7362,2
7363,2
7364,2
7365,2
7366,3
7367,3
7368,3
7369,3
7370,2
7371,2
7372,3
7373,3
7374,3
7375,3
7376,3
7377,3
7378,2
7379,2
7380,3
7381,3
7382,3
7383,3
7384,2
7385,2
7386,3
7387,3
7388,3
7389,3
7390,3
7391,3
7392,3
7393,3
7394,3
7395,3
7396,3
7397,3
7398,2
7399,2
7400,3
7401,3
7402,3
7403,3
7404,3
7405,3
7406,3
7407,3
7408,3
7409,3
7410,3
7411,3
7412,3
7413,3
7414,6
7415,6
7416,4
7417,4
7418,3
7419,3
7420,3
7421,3
7422,3
7423,3
7424,3
7425,3
7426,3
7427,3
7428,2
7429,2
7430,3
7431,3
7432,3
7433,3
7434,3
7435,3
7436,3
7437,3
7438,3
7439,3
7440,4
7441,4
7442,3
7443,3
7444,3
7445,3
7446,3
7447,3
7448,2
7449,2
7450,2
7451,2
7452,3
7453,3
7454,3
7455,3
7456,3
7457,3
7458,3
7459,3
7460,3
7461,3
7462,3
7463,3
7464,3
7465,3
7466,3
7467,3
7468,3
7469,3
7470,3
7471,3
7472,3
7473,3
7474,3
7475,3
7476,3
7477,3
7478,3
7479,3
7480,3
7481,3
7482,26
7483,26
7484,3
7485,3
7486,3
7487,3
7488,2
7489,2
7490,3
7491,3
7492,3
7493,3
7494,2
7495,2
7496,3
7497,3
7498,3
7499,3
7500,2
7501,2
7502,3
7503,3
7504,3
7505,3
7506,7
7507,7
7508,3
7509,3
7510,3
7511,3
7512,3
7513,3
7514,3
7515,3
7516,3
7517,3
7518,3
7519,3
7520,3
7521,3
7522,4
7523,4
7524,3
7525,3
7526,3
7527,3
7528,3
7529,3
7530,2
7531,2
7532,2
7533,2
7534,3
7535,3
7536,3
7537,3
7538,2
7539,2
7540,3
7541,3
7542,3
7543,3
7544,4
7545,4
7546,3
7547,3
7548,3
7549,3
7550,1
7551,1
7552,3
7553,3
7554,3
7555,3
7556,3
7557,3
7558,3
7559,3
7560,5
7561,5
7562,2
7563,2
7564,3
7565,3
7566,3
7567,3
7568,3
7569,3
7570,3
7571,3
7572,3
7573,3
7574,3
7575,3
7576,3
7577,3
7578,4
7579,4
7580,3
7581,3
7582,3
7583,3
7584,3
7585,3
7586,3
7587,3
7588,2
7589,2
7590,4
7591,4
7592,2
7593,2
7594,7
7595,7
7596,1
7597,1
7598,3
7599,3
7600,3
7601,3
7602,2
7603,2
7604,2
7605,2
7606,3
7607,3
7608,3
7609,3
7610,3
7611,3
7612,3
7613,3
7614,3
7615,3
7616,3
7617,3
7618,3
7619,3
7620,3
7621,3
7622,3
7623,3
7624,3
7625,3
7626,3
7627,3
7628,3
7629,3
7630,3
7631,3
7632,3
7633,3
7634,3
7635,3
7636,3
7637,3
7638,3
7639,3
7640,3
7641,3
7642,3
7643,3
7644,3
7645,3
7646,3
7647,3
7648,3
7649,3
7650,3
7651,3
7652,3
7653,3
7654,3
7655,3
7656,3
7657,3
7658,3
7659,3
7660,3
7661,3
7662,3
7663,3
7664,3
7665,3
7666,3
7667,3
7668,2
7669,2
7670,3
7671,3
7672,3
7673,3
7674,3
7675,3
7676,3
7677,3
7678,3
7679,3
7680,3
7681,3
7682,3
7683,3
7684,3
7685,3
7686,5
7687,5
7688,3
7689,3
7690,4
7691,4
7692,1
7693,1
7694,4
7695,4
7696,3
7697,3
7698,3
7699,3
7700,3
7701,3
7702,3
7703,3
7704,3
7705,3
7706,3
7707,3
7708,3
7709,3
7710,4
7711,4
7712,3
7713,3
7714,3
7715,3
7716,3
7717,3
7718,3
7719,3
7720,4
7721,4
7722,3
7723,3
7724,3
7725,3
7726,3
7727,3
7728,3
7729,3
7730,3
7731,3
7732,3
7733,3
7734,3
7735,3
7736,2
7737,2
7738,3
7739,3
7740,3
7741,3
7742,2
7743,2
7744,3
7745,3
7746,2
7747,2
7748,2
7749,2
7750,3
7751,3
7752,3
7753,3
7754,2
7755,2
7756,3
7757,3
7758,4
7759,4
7760,3
7761,3
7762,3
7763,3
7764,1
7765,1
7766,9
7767,9
7768,3
7769,3
7770,3
7771,3
7772,3
7773,3
7774,2
7775,2
7776,4
7777,4
10709,1
10710,1
10711,1
10712,2
10713,2
10714,2
10715,2
10716,2
10717,1
10718,1
10719,2
10720,1
10721,1
10722,2
10723,1
10724,2
10725,1
10726,1
10727,2
10728,1
10729,3
10730,2
10731,2
10732,2
10733,2
10734,2
10735,2
10736,2
10737,3
10738,2
10739,1
10740,1
10741,2
10742,1
10743,1
10744,2
10745,8
10746,1
10747,2
10748,2
10749,2
10750,2
10751,2
10752,2
10753,1
10754,2
10755,3
10756,2
10757,2
10758,2
10759,1
10760,1
10761,0
10762,2
10763,3
10764,1
10765,2
10766,2
10767,2
10768,2
10769,2
10770,2
10771,2
10772,1
10773,1
10774,2
10775,2
10776,1
10777,1
10778,1
10779,1
10780,1
10781,2
10782,2
10783,2
10784,2
10785,1
10786,3
10787,0
10788,1
10789,2
10790,1
10791,2
10792,1
10793,2
10794,2
10795,1
10797,1
10798,2
10799,1
10800,2
10801,1
10802,2
10803,1
10804,0
10805,2
10806,0
10807,5
10808,2
10809,1
10810,1
10811,2
10812,2
10813,1
10814,1
10815,2
10816,2
10817,2
10818,1
10819,1
10820,1
10821,2
10822,2
10823,1
10824,1
10825,1
10826,2
10827,2
10828,1
10829,1
10830,2
10831,1
10832,1
10833,1
10834,1
10835,2
10836,1
10837,1
10838,2
10839,1
10840,2
10841,1
10842,1
10843,1
10844,2
10845,2
10846,1
10847,1
10848,2
10849,1
10850,2
10851,2
10852,2
10853,2
10854,2
10855,2
10856,2
10857,1
10858,2
10859,1
10860,1
10861,2
10862,1
10863,1
10864,1
10865,1
10866,1
10867,2
10868,1
10869,2
10870,1
10871,2
10872,1
10873,2
10874,2
10875,2
10876,2
10877,2
10878,2
10879,1
10880,1
10881,1
10883,2
10884,1
10885,1
10886,2
10887,2
10888,2
10889,2
10890,1
10891,2
10892,1
10893,1
10894,2
10895,2
10896,2
10897,3
10898,1
10899,1
10900,1
10901,2
10902,1
10903,1
10904,2
10905,0
10906,1
10907,1
10908,2
10909,1
10910,1
10911,2
10912,1
10913,2
10914,1
10915,2
10916,2
10917,1
10918,2
10919,1
10920,2
10921,2
10922,2
10923,1
10924,1
10925,2
10926,1
10927,4
10928,2
10929,2
10930,2
10931,2
10932,2
10933,1
10934,2
10935,1
10936,2
10937,1
10938,1
10939,2
10940,1
10941,1
10942,1
10943,2
10944,1
10945,2
10946,1
10947,1
10948,1
10950,2
10951,2
10952,2
10953,2
10954,2
10955,1
10956,2
10957,2
10958,2
10959,2
10960,2
10961,1
10962,2
10963,2
10964,1
10965,2
10966,1
10967,1
10968,2
10969,2
10970,1
10971,1
10972,3
10973,2
10974,1
10975,3
10976,1
10977,2
10978,2
10979,2
10980,2
10981,1
10982,0
10983,2
10984,1
10985,1
10986,2
10987,1
10988,1
10989,2
10990,2
10991,1
10992,2
10993,1
10994,0
10995,3
10996,1
10997,2
10998,0
10999,2
11000,1
11001,2
11002,2
11003,1
11004,1
11005,2
11006,1
11007,1
11008,1
11009,2
11010,2
11011,2
11012,2
11013,1
11014,2
11015,0
11016,1
11017,1
11018,2
11019,1
11020,2
11021,1
11022,2
11023,2
11024,1
11025,1
11026,6
11027,1
11028,2
11029,2
11030,2
11031,1
11032,2
11033,1
11034,1
11035,3
11036,1
11037,1
11038,1
11039,1
11040,2
11041,1
11042,2
11044,1
11045,1
11046,1
11047,1
11048,1
11049,1
11050,1
11051,2
11052,2
11053,2
11054,2
11055,2
11056,1
11057,1
11058,1
11059,1
11060,2
11061,1
11062,2
11063,1
11064,2
11065,2
11066,2
11067,1
11068,1
11069,0
11070,2
11071,1
11072,1
11073,2
11074,2
11075,1
11077,1
11078,1
11079,1
11080,2
11081,0
11082,1
11083,2
11084,1
11085,9
11086,2
11087,1
11088,2
11089,2
11090,2
11091,2
11092,2
11093,1
11094,1
11095,0
11096,2
11097,2
11098,1
11099,1
11100,2
11101,2
11102,2
11103,1
11104,2
11105,1
11106,1
11107,2
11108,1
11109,2
11110,2
11111,2
11112,1
11113,3
11114,1
11115,1
11116,2
11117,2
11118,1
11119,0
11120,1
11121,1
11122,1
11123,1
11124,1
11125,2
11126,2
11127,2
11128,2
11129,7
11130,1
11131,2
11132,3
11133,1
11134,1
11135,2
11136,2
11137,1
11138,1
11139,1
11140,2
11141,1
11142,1
11143,2
11144,2
11145,2
11146,2
11147,2
11148,2
11149,1
11150,1
11151,1
11152,1
11153,2
11154,1
11155,2
11156,1
11157,1
11158,2
11159,0
11160,1
11161,1
11162,1
11163,1
11164,1
11165,2
11166,1
11167,1
11168,3
11169,1
11170,2
11171,1
11172,2
11173,1
11174,1
11175,4
11176,1
11177,2
11178,2
11179,1
11180,2
11181,2
11182,1
11184,2
11185,2
11186,1
11187,2
11188,1
11189,2
11191,1
11192,2
11193,1
11194,2
11195,1
11196,1
11197,1
11198,1
11199,1
11200,3
11201,1
11202,1
11203,2
11204,0
11205,1
11206,2
11207,1
11208,1
11209,1
11210,2
11211,1
11212,3
11213,1
11214,2
11215,1
11216,2
11217,0
11218,1
11219,0
11220,1
11221,2
11222,2
11223,2
11224,1
11225,1
11226,1
11227,1
11228,2
11229,1
11230,2
11231,2
11232,2
11233,1
11234,2
11235,2
11236,2
11237,1
11238,1
11239,2
11240,1
11241,1
11242,2
11243,1
11244,1
11245,1
11246,2
11247,3
11248,1
11249,2
11250,2
11251,1
11252,1
11253,2
11254,2
11255,1
11256,1
11257,5
11258,1
11259,1
11260,3
11261,2
11262,2
11263,1
11264,1
11265,1
11266,3
11267,2
11268,1
11269,2
11270,1
11271,1
11272,1
11273,2
11274,1
11275,2
11276,2
11277,2
11279,3
11280,2
11281,1
11282,2
11283,2
11284,1
13643,2
13644,0
13645,3
13646,1
13647,2
13648,0
13649,1
13650,1
13651,1
13652,0
13653,1
13654,2
13655,0
13656,0
13657,2
13658,1
13659,2
13660,2
13661,2
13662,0
13663,0
13664,0
13665,0
13666,1
13667,0
13668,1
13669,1
13670,2
13671,2
13672,1
13673,0
13674,1
13675,1
13676,2
13677,2
13678,0
13679,1
13680,1
13681,2
13682,0
13683,1
13684,1
13685,2
13686,0
13687,0
13688,1
13689,1
13690,1
13691,1
13692,1
13693,0
13694,0
13695,1
13696,1
13697,1
13698,2
13699,2
13700,1
13701,1
13702,1
13703,0
13704,1
13705,0
13706,0
13707,1
13708,1
13709,0
13710,1
13711,0
13712,2
13713,0
13714,0
13715,1
13716,0
13717,0
13718,1
13719,2
13720,1
13721,1
13722,2
13723,1
13724,0
13725,0
13726,1
13727,1
13728,1
13729,0
13730,2
13731,1
13732,2
13733,2
13734,0
13735,0
13736,1
13737,1
13738,1
13739,0
13740,1
13741,1
13742,1
13743,1
13744,0
13745,1
13746,6
13747,0
13748,1
13749,1
13750,0
13751,1
13752,0
13753,1
13754,2
13755,2
13756,0
13757,0
13758,0
13759,1
13760,0
13761,2
13762,1
13763,1
13764,0
13765,0
13766,2
13767,0
13768,1
13769,2
13770,0
13771,1
13772,2
13773,0
13774,0
13775,1
13776,2
13777,2
13778,1
13779,0
13780,1
13781,2
13782,1
13783,2
13784,0
13785,1
13786,0
13787,0
13788,0
13789,1
13790,2
13791,2
13792,0
13793,1
13794,2
13795,2
13796,1
13797,0
13798,1
13799,2
13800,1
13801,2
13802,1
13803,2
13804,2
13805,0
13806,2
13807,0
13808,2
13809,2
13810,2
13811,1
13812,2
13813,2
13814,1
13815,1
13816,0
13817,3
13818,0
13819,1
13820,1
13821,2
13822,1
13823,0
13824,0
13825,2
13826,2
13827,1
13828,1
13829,2
13830,1
13831,1
13832,0
13833,1
13834,2
13835,1
13836,2
13837,0
13838,1
13839,1
13840,2
13841,1
13842,2
13843,2
13844,0
13845,1
13846,2
13847,1
13848,2
13849,1
13850,1
13851,1
13852,0
13853,0
13854,2
13855,1
13856,2
13857,2
13858,1
13859,1
13860,3
13861,2
13862,1
13863,2
13864,1
13866,2
13867,0
13868,0
13869,1
13870,2
13871,2
13872,2
13873,0
13874,2
13875,1
13876,2
13877,2
13878,0
13879,1
13880,1
13881,1
13882,0
13883,0
13884,2
13885,2
13886,1
13887,1
13888,2
13889,0
13890,2
13891,0
13892,0
13893,2
13894,0
13895,1
13896,1
13897,2
13898,2
13899,1
13900,2
13901,1
13902,0
13903,0
13904,1
13905,0
13906,1
13907,2
13908,0
13909,1
13910,1
13911,1
13912,0
13913,0
13914,1
13915,2
13916,1
13917,1
13918,1
13919,2
13920,1
13921,1
13922,1
13923,2
13924,1
13925,1
13926,0
13927,1
13928,1
13929,2
13930,2
13931,1
13932,2
13933,2
13934,0
13935,0
13936,1
13937,0
13938,1
13939,1
13940,1
13941,0
13942,1
13943,0
13944,1
13945,1
13946,1
13947,2
13948,1
13949,2
13950,13
13951,2
13952,1
13953,0
13954,1
13955,1
13956,2
13957,14
13958,1
13959,2
13960,2
13961,2
13962,1
13963,1
13964,1
13965,1
13966,0
13967,2
13968,2
13969,2
13970,1
13971,1
13972,0
13973,2
13974,2
13975,1
13976,2
13977,2
13978,0
13979,0
13980,1
13981,0
13982,2
13983,1
13984,1
13985,1
13986,2
13987,0
13988,1
13989,0
13990,2
13991,1
13992,2
13993,0
13994,0
13995,1
13996,1
13997,0
13998,1
13999,1
14000,2
14001,0
14002,2
14003,2
14004,1
14005,1
14006,2
14007,1
14008,2
14009,0
14010,1
14011,0
14012,2
14013,2
14014,0
14015,0
14016,2
14017,1
14018,1
14019,2
14020,0
14022,2
14023,0
14024,0
14025,1
14026,1
14027,1
14028,2
14030,1
14031,2
14032,2
14033,0
14034,2
14035,1
14036,1
14037,1
14038,0
14039,0
14040,1
14041,0
14042,2
14043,0
14044,1
14045,0
14046,1
14047,2
14048,0
14049,0
14050,0
14051,2
14052,2
14053,2
14054,0
14055,1
14056,0
14057,2
14058,2
14059,2
14060,1
14061,0
14062,2
14063,0
14064,1
14065,1
14066,2
14067,1
14068,1
14069,2
14070,0
14071,0
14072,2
14073,1
14074,1
14075,0
14076,1
14077,2
14078,1
14079,1
14080,1
14081,1
14082,1
14083,0
14084,0
14085,0
14086,1
14087,0
14088,0
14089,0
14090,2
14091,2
14092,3
14093,1
14094,2
14095,1
14096,1
14097,2
14098,1
14099,1
14100,2
14101,2
14102,2
14103,1
14104,2
14105,1
14106,1
14107,1
14108,0
14109,0
14110,1
14111,1
14112,2
14113,1
14114,1
14115,2
14116,2
14117,0
14118,1
14119,0
14120,2
14121,2
14122,1
14123,1
14124,2
14125,0
14126,1
14127,0
14128,1
14129,1
14130,0
14131,0
14132,2
14133,2
14134,0
14135,0
14136,0
14137,2
14138,1
14139,1
14140,2
14141,0
14142,2
14143,2
14144,1
14145,1
14146,0
14147,2
14148,1
14149,1
14150,2
14151,1
14152,2
14153,2
14154,2
14155,2
14156,2
14157,1
14158,1
14159,2
14160,1
14161,2
14162,1
14163,2
14164,1
14165,1
14166,1
14168,2
14169,1
14170,0
14171,2
14172,2
14173,0
14174,1
14175,2
14176,1
14177,1
14178,1
14179,1
14180,1
14181,1
14183,2
14184,2
14185,0
14186,2
14187,0
14188,1
14189,1
14190,2
14191,1
14192,1
14193,1
14194,2
14195,1
14196,0
14197,2
14198,1
14199,1
14200,0
14201,2
14203,1
14204,1
14205,0
14206,2
14207,0
14208,2
14209,0
14210,1
14211,2
14212,2
14213,2
14214,1
14215,0
14216,1
14217,1
14218,0
14219,1
14220,1
14221,2
14222,2
14223,0
14224,2
14225,0
14226,1
14227,0
14228,1
14229,0
14230,2
14231,0
14232,0
14233,2
14234,0
16632,2
16633,2
16634,2
16635,1
16636,1
16637,1
16638,4
16639,3
16640,1
16641,2
16642,2
16643,2
16644,2
16645,3
16646,1
16647,1
16648,2
16649,2
16650,2
16651,1
16652,2
16653,1
16654,1
16655,2
16656,2
16657,1
16658,3
16659,2
16660,2
16661,2
16662,1
16663,3
16664,2
16665,3
16666,2
16667,3
16668,1
16669,3
16670,2
16671,2
16672,2
16673,2
16674,1
16675,1
16676,3
16677,3
16678,2
16679,2
16680,2
16681,3
16682,3
16683,2
16684,2
16685,2
16686,2
16687,3
16688,2
16689,2
16690,2
16691,1
16692,3
16693,2
16694,3
16695,2
16696,1
16697,1
16698,1
16699,1
16700,2
16701,2
16702,3
16703,3
16704,1
16705,1
16706,2
16707,2
16708,2
16709,1
16710,2
16711,2
16712,2
16713,2
16714,1
16715,2
16716,1
16717,3
16718,1
16719,1
16720,2
16721,3
16722,2
16723,2
16724,3
16725,3
16726,3
16727,2
16728,3
16729,2
16730,2
16731,4
16732,2
16733,2
16734,1
16735,3
16736,2
16737,3
16738,1
16739,3
16740,2
16741,1
16742,2
16743,2
16744,2
16745,2
16746,3
16747,1
16748,1
16749,3
16750,1
16751,2
16752,2
16753,3
16754,3
16755,2
16756,2
16757,1
16758,0
16759,0
16760,1
16761,2
16762,2
16763,3
16764,2
16765,2
16766,2
16767,3
16768,3
16769,1
16770,2
16771,2
16772,2
16773,2
16774,3
16775,2
16776,3
16777,2
16778,3
16779,3
16780,2
16781,16
16782,2
16783,3
16784,2
16785,3
16786,1
16787,1
16788,2
16789,1
16790,2
16791,2
16792,2
16793,1
16794,2
16795,3
16796,3
16797,1
16798,3
16799,2
16800,2
16801,2
16802,2
16803,2
16804,1
16805,2
16806,1
16807,2
16808,3
16809,2
16810,3
16811,1
16812,3
16813,3
16814,2
16815,3
16816,3
16817,2
16818,1
16819,2
16820,1
16821,2
16822,3
16823,1
16824,2
16825,2
16826,4
16827,1
16828,2
16829,1
16830,1
16831,2
16832,3
16833,2
16834,2
16835,3
16836,1
16837,3
16838,2
16839,1
16840,1
16841,2
16842,3
16843,3
16844,2
16845,2
16846,1
16847,3
16848,3
16849,3
16850,3
16851,2
16852,2
16853,3
16854,3
16855,1
16856,2
16857,3
16858,1
16859,1
16860,1
16861,2
16862,2
16863,2
16864,1
16865,2
16866,1
16867,2
16868,1
16869,2
16870,2
16871,1
16872,0
16873,2
16874,2
16875,2
16876,2
16877,1
16878,2
16879,2
16880,2
16881,2
16882,2
16883,3
16884,1
16885,3
16886,0
16887,3
16888,1
16889,2
16890,3
16891,2
16892,1
16893,2
16894,2
16895,1
16896,2
16897,2
16898,2
16899,1
16900,3
16901,2
16902,2
16903,1
16904,3
16905,2
16906,2
16907,2
16908,2
16909,1
16910,3
16911,1
16912,1
16913,3
16914,2
16915,3
16916,2
16917,3
16918,3
16919,2
16920,1
16921,3
16922,2
16923,2
16924,2
16925,1
16926,2
16927,2
16928,3
16929,2
16930,1
16931,1
16932,1
16933,2
16934,3
16935,3
16936,3
16937,2
16938,2
16939,1
16940,3
16941,1
16942,1
16943,2
16944,3
16945,3
16946,3
16947,1
16948,1
16949,1
16950,2
16951,2
16952,2
16953,2
16954,1
16955,2
16956,2
16957,2
16958,1
16959,3
16960,2
16961,2
16962,2
16963,1
16964,3
16965,2
16966,2
16967,1
16968,2
16969,2
16970,3
16971,1
16972,2
16973,2
16974,2
16975,2
16976,2
16977,3
16978,2
16979,2
16980,3
16981,2
16982,3
16983,1
16984,1
16985,1
16986,2
16987,2
16988,2
16989,3
16990,3
16991,2
16992,1
16993,2
16994,2
16995,3
16996,2
16997,1
16998,1
16999,1
17000,1
17001,1
17002,2
17003,1
17004,2
17005,2
17006,1
17007,2
17008,2
17009,2
17010,1
17011,3
17012,2
17013,2
17014,1
17015,2
17016,1
17017,1
17018,1
17019,1
17020,1
17021,3
17022,2
17023,2
17024,2
17025,2
17026,3
17027,3
17028,1
17029,3
17030,1
17031,3
17032,3
17033,2
17034,2
17035,2
17036,1
17037,2
17038,2
17039,1
17040,2
17041,2
17042,2
17043,1
17044,1
17045,3
17046,3
17047,3
17048,0
17049,3
17050,1
17051,2
17052,3
17053,2
17054,2
17055,2
17056,3
17057,2
17058,4
17059,1
17060,3
17061,3
17062,1
17063,2
17064,2
17065,1
17066,2
17067,2
17068,2
17069,1
17070,1
17071,3
17072,2
17073,1
17074,3
17075,2
17076,2
17077,1
17078,2
17079,2
17080,2
17081,3
17082,1
17083,2
17084,3
17085,2
17086,2
17087,1
17088,1
17089,2
17090,2
17091,1
17092,1
17093,3
17094,3
17095,3
17096,1
17097,1
17098,2
17099,3
17100,2
17101,3
17102,3
17103,3
17104,2
17105,2
17106,2
17107,3
17108,1
17109,1
17110,3
17111,2
17112,4
17113,3
17114,3
17115,3
17116,2
17117,3
17118,1
17119,3
17120,2
17121,2
17122,2
17123,3
17124,2
17125,1
17126,3
17127,3
17128,2
17129,3
17130,2
17131,2
17132,1
17133,1
17134,1
17135,3
17136,3
17137,2
17138,1
17139,2
17140,1
17141,2
17142,1
17143,2
17144,2
17145,3
17146,2
17147,2
17148,2
17149,3
17150,3
17151,3
17152,2
17153,2
17154,1
17155,1
17156,1
17157,3
17158,2
17159,2
17160,2
17161,1
17162,1
17163,1
17164,2
17165,2
17166,1
17167,3
17168,1
17169,2
17170,2
17171,3
17172,2
17173,1
17174,2
17175,2
17176,3
17177,2
17178,0
17179,2
17180,3
17181,1
17182,2
17183,2
17184,3
17185,1
17186,2
17187,2
17188,2
17189,2
17190,2
17191,3
17192,2
17193,2
17194,2
17195,3
17196,2
17197,3
17198,2
17199,0
17200,1
17201,2
17202,2
17203,2
17204,3
17205,2
17206,2
17207,3
17208,2
17209,3
17210,2
17211,1
17212,1
17213,1
17214,1
17215,1
17216,2
17217,2
17218,1
17219,3
17220,3
17221,3
17222,3
17223,2
17224,4
17225,1
17226,2
17227,3
17228,2
17229,3
17230,3
17231,2
17232,3
19634,2
19635,1
19636,2
19637,2
19638,3
19639,3
19640,3
19641,2
19642,3
19643,1
19644,3
19645,2
19646,2
19647,2
19648,3
19649,2
19650,3
19651,1
19652,3
19653,3
19654,3
19655,2
19656,2
19657,2
19658,3
19659,2
19660,2
19661,2
19662,3
19663,1
19664,2
19665,1
19666,2
19667,1
19668,2
19669,1
19670,2
19671,3
19672,0
19673,2
19674,3
19675,2
19676,2
19677,2
19678,2
19679,3
19680,1
19681,2
19682,3
19683,3
19684,2
19685,2
19686,2
19687,2
19688,2
19689,3
19690,3
19691,3
19692,2
19693,2
19694,2
19695,3
19696,3
19697,1
19698,3
19699,3
19700,2
19701,3
19702,1
19703,2
19704,3
19705,0
19706,3
19707,2
19708,3
19709,2
19710,2
19711,2
19712,3
19713,3
19714,3
19715,2
19716,3
19717,3
19718,1
19719,2
19720,2
19721,3
19722,3
19723,2
19724,3
19725,2
19726,2
19727,3
19728,1
19729,1
19730,3
19731,2
19732,3
19733,2
19734,3
19735,2
19736,1
19737,2
19738,2
19739,2
19740,1
19741,2
19742,2
19743,3
19744,2
19745,2
19746,3
19747,2
19748,2
19749,3
19750,2
19751,2
19752,3
19753,3
19754,3
19755,2
19756,3
19757,1
19758,2
19759,2
19760,3
19761,2
19762,3
19763,3
19764,2
19765,3
19766,3
19767,2
19768,2
19769,3
19770,2
19771,2
19772,2
19773,3
19774,3
19775,2
19776,15
19777,2
19778,2
19779,3
19780,3
19781,1
19782,3
19783,2
19784,2
19785,3
19786,2
19787,2
19788,2
19789,3
19790,2
19791,3
19792,2
19793,3
19794,2
19795,3
19796,1
19797,3
19798,1
19799,1
19800,3
19801,2
19802,1
19803,2
19804,2
19805,1
19806,1
19807,2
19808,3
19809,2
19810,3
19811,3
19812,4
19813,3
19814,1
19815,1
19816,2
19817,2
19818,2
19819,17
19820,2
19821,2
19822,2
19823,1
19824,1
19825,2
19826,3
19827,3
19828,3
19829,3
19830,3
19831,2
19832,3
19833,2
19834,3
19835,2
19836,2
19837,3
19838,3
19839,3
19840,3
19841,3
19842,3
19843,3
19844,3
19845,3
19846,3
19847,2
19848,2
19849,3
19850,2
19851,3
19852,2
19853,2
19854,2
19855,2
19856,3
19857,3
19858,1
19859,3
19860,2
19861,3
19862,2
19863,2
19864,2
19865,2
19866,3
19867,2
19868,2
19869,1
19870,3
19871,2
19872,3
19873,2
19874,2
19875,3
19876,1
19877,1
19878,2
19879,1
19880,2
19881,2
19882,2
19883,3
19884,3
19885,3
19886,2
19887,3
19888,3
19889,3
19890,3
19891,2
19892,3
19893,3
19894,3
19895,2
19896,3
19897,2
19898,3
19899,2
19900,3
19901,1
19902,3
19903,2
19904,2
19905,1
19906,3
19907,3
19908,3
19909,3
19910,3
19911,2
19912,3
19913,2
19914,2
19915,3
19916,3
19917,3
19918,3
19919,2
19920,3
19921,3
19922,3
19923,1
19924,3
19925,2
19926,3
19927,2
19928,2
19929,2
19930,3
19931,3
19932,2
19933,3
19934,3
19935,3
19936,1
19937,2
19938,3
19939,2
19940,3
19941,2
19942,3
19943,2
19944,2
19945,2
19946,2
19947,3
19948,2
19949,3
19950,1
19951,1
19952,2
19953,3
19954,3
19955,2
19956,2
19957,2
19958,2
19959,3
19960,2
19961,3
19962,3
19963,2
19964,2
19965,3
19966,3
19967,2
19968,1
19969,3
19970,2
19971,2
19972,3
19973,3
19974,3
19975,1
19976,2
19977,2
19978,3
19979,3
19980,1
19981,2
19982,2
19983,2
19984,2
19985,2
19986,1
19987,2
19988,1
19989,2
19990,3
19991,2
19992,2
19993,2
19994,3
19995,2
19996,3
19997,2
19998,2
19999,2
20000,2
20001,3
20002,3
20003,3
20004,3
20005,2
20006,3
20007,2
20008,3
20009,2
20010,3
20011,3
20012,3
20013,2
20014,2
20015,2
20016,3
20017,3
20018,1
20019,2
20020,2
20021,3
20022,2
20023,2
20024,3
20025,2
20026,2
20027,2
20028,15
20029,3
20030,2
20031,3
20032,2
20033,3
20034,2
20035,2
20036,2
20037,2
20038,3
20039,2
20040,0
20041,2
20042,2
20043,2
20044,4
20045,2
20046,2
20047,3
20048,1
20049,2
20050,3
20051,2
20052,0
20053,2
20054,3
20055,2
20056,2
20057,3
20058,2
20059,2
20060,3
20061,3
20062,2
20063,2
20064,3
20065,3
20066,3
20067,2
20068,2
20069,2
20070,2
20071,3
20072,0
20073,2
20074,2
20075,2
20076,3
20077,2
20078,4
20079,1
20080,3
20081,2
20082,1
20083,3
20084,2
20085,2
20086,3
20087,3
20088,2
20089,2
20090,1
20091,2
20092,3
20093,3
20094,2
20095,3
20096,4
20097,1
20098,3
20099,2
20100,2
20101,3
20102,2
20103,2
20104,3
20105,1
20106,2
20107,2
20108,2
20109,3
20110,2
20111,2
20112,3
20113,3
20114,2
20115,1
20116,1
20117,3
20118,3
20119,2
20120,3
20121,2
20122,3
20123,2
20124,2
20125,2
20126,2
20127,2
20128,2
20129,3
20130,2
20131,2
20132,3
20133,2
20134,2
20135,3
20136,3
20137,1
20138,3
20139,3
20140,3
20141,3
20142,1
20143,2
20144,3
20145,2
20146,1
20147,2
20148,2
20149,3
20150,2
20151,2
20152,3
20153,3
20154,1
20155,1
20156,1
20157,2
20158,3
20159,3
20160,3
20161,3
20162,3
20163,2
20164,2
20165,3
20166,3
20167,2
20168,3
20169,3
20170,3
20171,2
20172,2
20173,3
20174,2
20175,3
20176,2
20177,2
20178,3
20179,2
20180,1
20181,3
20182,2
20183,2
20184,3
20185,2
20186,2
20187,2
20188,3
20189,2
20190,2
20191,1
20192,3
20193,3
20194,3
20195,2
20196,3
20197,3
20198,2
20199,3
20200,2
20201,3
20202,3
20203,3
20204,3
20205,3
20206,2
20207,1
20208,2
20209,3
20210,2
20211,2
20212,3
20213,2
20214,3
20215,0
20216,3
20217,2
20218,1
20219,2
20220,1
20221,3
20222,3
20223,2
20224,2
20225,3
20226,2
20227,2
20228,3
20229,2
20230,3
20231,2
20232,1
20233,1
22564,15
22565,19
22566,14
22567,12
22568,17
22569,15
22571,13
22572,15
22573,10
22574,20
22575,18
22576,16
22577,8
22579,19
22580,18
22582,15
22583,15
22585,13
22586,18
22587,15
22588,13
22589,13
22590,14
22592,18
22593,19
22595,13
22596,18
22597,17
22598,17
22599,16
22600,12
22601,10
22602,21
22603,13
22604,18
22605,18
22606,16
22607,15
22608,20
22609,21
22611,19
22613,12
22614,17
22615,17
22616,17
22617,16
22619,12
22621,14
22622,16
22624,21
22625,21
22626,12
22627,2
22628,12
22629,20
22630,21
22631,21
22632,6
22633,11
22634,17
22635,18
22636,18
22637,16
22639,6
22640,12
22641,9
22642,6
22643,14
22644,14
22645,12
22646,13
22647,15
22648,20
22649,16
22650,15
22652,10
22653,11
22655,21
22656,17
22660,16
22661,15
22662,16
22663,15
22666,17
22670,12
22671,17
22672,10
22674,10
22675,16
22676,20
22677,10
22678,17
22679,18
22680,16
22681,10
22682,14
22683,16
22684,11
22685,13
22686,16
22687,21
22688,19
22690,14
22691,11
22692,17
22694,16
22696,13
22697,13
22698,21
22700,15
22701,15
22702,11
22703,16
22704,16
22705,16
22706,12
22707,19
22708,10
22709,13
22710,12
22712,18
22713,19
22714,14
22716,16
22717,18
22718,12
22719,21
22720,17
22721,15
22722,10
22723,15
22724,18
22726,10
22727,20
22728,11
22729,10
22731,11
22732,13
22733,15
22734,10
22735,20
22736,18
22737,15
22738,20
22739,10
22740,17
22741,15
22742,14
22743,15
22746,11
22749,15
22750,15
22752,6
22753,14
22754,16
22755,14
22756,16
22757,13
22758,21
22760,3
22761,17
22763,13
22765,19
22766,17
22767,15
22769,13
22771,10
22773,13
22774,16
22775,12
22780,14
22781,18
22782,21
22785,16
22786,21
22788,13
22789,7
22790,16
22791,10
22792,15
22796,30
22797,2
22798,10
22800,15
22801,12
22804,12
22806,16
22810,17
22812,17
22815,13
22816,13
22817,16
22818,12
22820,12
22823,18
22824,16
22825,16
22826,15
22827,11
22828,16
22829,19
22830,15
22831,19
22832,18
22833,28
22834,11
22835,16
22837,16
22838,18
22839,20
22840,16
22842,15
22843,14
22844,12
22845,15
22846,18
22848,12
22849,15
22851,19
22852,16
22853,16
22855,15
22856,13
22857,18
22858,15
22859,11
22861,14
22862,17
22864,11
22865,2
22866,18
22869,21
22871,13
22872,18
22873,13
22874,15
22875,18
22876,15
22877,12
22878,18
22879,15
22880,6
22881,13
22882,10
22883,13
22884,18
22885,14
22887,16
22888,12
22889,19
22890,14
22892,19
22893,15
22894,19
22896,14
22897,17
22898,17
22900,12
22901,14
22903,16
22904,12
22905,16
22906,11
22908,11
22909,13
22910,17
22912,15
22914,18
22915,18
22917,15
22918,14
22919,14
22921,15
22923,15
22924,9
22925,10
22927,12
22929,13
22930,13
22932,17
22933,15
22934,17
22935,14
22936,15
22937,15
22939,17
22940,14
22941,20
22943,21
22946,17
22948,19
22950,7
22951,1
22954,17
22956,19
22957,13
22958,15
22959,15
22960,12
22961,16
22963,17
22964,14
22965,16
22966,9
22967,14
22968,17
22969,10
22970,12
22972,18
22973,15
22974,18
22975,16
22977,19
22978,14
22979,16
22980,10
22981,6
22982,15
22983,10
22984,6
22985,12
22987,10
22989,16
22991,16
22992,6
22994,17
22995,19
22996,17
22997,16
22998,12
23000,16
23001,18
23002,19
23004,14
23005,18
23007,11
23010,19
23011,7
23013,21
23014,20
23015,18
23016,18
23017,14
23018,16
23019,19
23020,16
23022,15
23023,14
23024,14
23025,16
23027,9
23030,6
23031,15
23034,15
23035,14
23036,19
23038,19
23039,12
23040,18
23042,11
23044,18
23045,18
23046,10
23048,15
23049,18
23050,14
23052,13
23053,20
23055,21
23057,15
23058,17
23060,17
23061,18
23062,19
23064,14
23065,17
23067,17
23068,20
23069,6
23070,13
23071,14
23072,15
23073,16
23074,13
23075,15
23076,15
23077,15
23078,12
23079,21
23080,9
23081,9
23082,7
23083,13
23084,10
23085,15
23086,16
23087,16
23088,17
23089,17
23090,17
23092,9
23093,15
23094,20
23095,14
23096,10
23097,18
23098,14
23099,18
23100,12
23101,16
23102,17
23104,12
23105,16
23106,17
23107,19
23108,10
23109,13
23110,18
23111,10
23112,17
23113,10
23114,12
23115,19
23116,19
23119,15
23120,17
23121,12
23122,17
23123,20
23125,18
23127,18
23128,14
23129,20
23130,1
23131,20
23132,12
23134,15
23135,18
23136,16
23137,18
23139,13
24634,38
24635,43
24637,36
24638,41
24639,38
24641,36
24642,32
24644,35
24645,19
24647,38
24648,12
24649,39
24650,32
24651,41
24652,38
24653,35
24655,36
24656,38
24658,36
24659,31
24660,17
24661,42
24664,29
24665,41
24666,37
24667,38
24669,38
24670,32
24671,34
24672,32
24673,38
24674,37
24675,39
24676,39
24677,24
24678,37
24679,41
24680,37
24681,41
24683,35
24685,36
24686,43
24687,34
24688,36
24689,37
24690,37
24692,35
24694,35
24696,40
24697,42
24698,36
24699,33
24700,36
24701,37
24703,36
24704,36
24706,38
24707,36
24709,33
24711,40
24714,41
24716,39
24717,35
24718,41
24719,13
24720,37
24722,38
24723,39
24725,40
24726,32
24729,39
24731,22
24732,35
24733,37
24734,40
24735,35
24738,40
24739,39
24742,34
24743,36
24744,33
24746,39
24747,40
24748,36
24749,37
24751,36
24753,17
24754,36
24755,39
24756,15
24757,34
24758,40
24761,38
24762,35
24763,38
24764,36
24765,38
24766,36
24767,32
24768,43
24770,37
24771,35
24772,37
24773,26
24774,38
24776,37
24777,38
24778,40
24781,37
24782,28
24783,37
24785,38
24786,41
24788,35
24789,34
24790,37
24791,35
24792,36
24793,39
24794,38
24795,37
24796,40
24797,7
24798,34
24799,40
24802,34
24803,32
24805,31
24808,41
24809,35
24810,40
24811,36
24812,37
24813,34
24814,34
24815,30
24816,36
24817,37
24818,22
24819,33
24820,34
24821,30
24822,36
24823,40
24825,30
24827,32
24828,36
24829,23
24830,38
24832,38
24834,20
24835,36
24836,37
24837,37
24838,35
24839,33
24841,25
24845,38
24846,13
24847,37
24848,35
24850,36
24854,39
24855,17
24856,37
24857,34
24858,34
24859,36
24860,38
24861,30
24863,42
24864,34
24865,35
24866,33
24867,38
24868,36
24869,33
24870,38
24871,30
24872,38
24873,41
24874,42
24875,37
24876,36
24877,20
24878,38
24880,36
24881,39
24883,30
24885,37
24886,37
24887,37
24888,40
24889,35
24890,34
24891,37
24893,43
24894,36
24896,31
24897,8
24898,37
24899,35
24901,32
24902,38
24903,41
24904,34
24905,41
24906,39
24908,38
24910,41
24911,2
24912,9
24913,26
24915,13
24916,37
24917,26
24918,39
24919,38
24921,34
24922,37
24923,41
24924,40
24925,35
24926,36
24927,33
24928,35
24929,37
24932,38
24933,37
24934,39
24935,39
24937,34
24938,39
